cidade,media_idade,custo_total_exames
Araras,33.1578947368421,5060.96
Conchal,41.13636363636363,5952.41
Leme,25.0,924.46
Limeira,30.0,5084.09
Pirassununga,42.94117647058823,5089.04
Rio Claro,42.30769230769231,2636.7
